TIMESTAMP,PM2.5,PM10,NO2,NH3,SO2,CO,O3,MONTH,SEASON,FESTIVAL_SEASON,AQI,AQI_CATEGORY,CITY,STATE,LATITUDE,LONGITUDE
2024-01-01,45.91,88.96,16.29,12.21,7.9,0.66,26.67,January,Winter,Christmas & New Year,88.96,Satisfactory,Hyderabad,Telangana,17.360589,78.4740613
2024-01-02,45.56,95.51,31.0,13.03,7.77,0.62,34.32,January,Winter,Christmas & New Year,95.51,Satisfactory,Hyderabad,Telangana,17.360589,78.4740613
2024-01-03,53.89,93.15,15.95,13.04,8.66,0.67,31.08,January,Winter,Christmas & New Year,93.15,Satisfactory,Hyderabad,Telangana,17.360589,78.4740613
2024-01-04,80.67,87.19,14.76,12.45,7.85,0.76,28.07,January,Winter,Christmas & New Year,168.1493103448276,Moderate,Hyderabad,Telangana,17.360589,78.4740613
2024-01-05,38.43,79.43,15.16,12.42,7.64,0.67,28.65,January,Winter,Christmas & New Year,79.43,Satisfactory,Hyderabad,Telangana,17.360589,78.4740613
2024-01-06,32.22,70.35,15.29,12.63,8.51,0.54,26.33,January,Winter,Christmas & New Year,70.35,Satisfactory,Hyderabad,Telangana,17.360589,78.4740613
2024-01-07,38.57,67.98,16.56,10.52,7.24,1.74,26.0,January,Winter,Christmas & New Year,85.84444444444443,Satisfactory,Hyderabad,Telangana,17.360589,78.4740613
2024-01-08,37.52,77.42,19.23,10.54,7.32,0.69,29.67,January,Winter,Christmas & New Year,77.42,Satisfactory,Hyderabad,Telangana,17.360589,78.4740613
2024-01-09,45.43,86.74,15.74,12.93,8.25,0.65,26.86,January,Winter,Christmas & New Year,86.74,Satisfactory,Hyderabad,Telangana,17.360589,78.4740613
2024-01-10,46.69,92.1,19.26,12.74,8.86,0.76,25.04,January,Winter,Christmas & New Year,92.1,Satisfactory,Hyderabad,Telangana,17.360589,78.4740613
2024-01-11,44.36,93.81,18.67,13.28,10.25,0.81,27.0,January,Winter,Christmas & New Year,93.81,Satisfactory,Hyderabad,Telangana,17.360589,78.4740613
2024-01-12,44.79,92.75,19.21,13.29,9.25,0.81,28.73,January,Winter,Christmas & New Year,92.75,Satisfactory,Hyderabad,Telangana,17.360589,78.4740613
2024-01-13,42.79,89.8,17.2,11.47,8.51,0.8,24.42,January,Winter,Christmas & New Year,89.8,Satisfactory,Hyderabad,Telangana,17.360589,78.4740613
2024-01-14,45.89,99.13,23.07,12.8,9.86,0.79,31.14,January,Winter,Christmas & New Year,99.13,Satisfactory,Hyderabad,Telangana,17.360589,78.4740613
2024-01-15,42.75,83.98,24.83,15.33,9.26,0.72,30.5,January,Winter,Christmas & New Year,83.98,Satisfactory,Hyderabad,Telangana,17.360589,78.4740613
2024-01-16,42.0,83.35,31.06,14.17,7.13,0.62,30.13,January,Winter,Christmas & New Year,83.35,Satisfactory,Hyderabad,Telangana,17.360589,78.4740613
2024-01-17,38.9,79.02,19.69,14.24,7.09,0.55,28.33,January,Winter,Christmas & New Year,79.02,Satisfactory,Hyderabad,Telangana,17.360589,78.4740613
2024-01-18,33.65,76.61,13.16,12.35,7.06,0.47,25.61,January,Winter,Christmas & New Year,76.61,Satisfactory,Hyderabad,Telangana,17.360589,78.4740613
2024-01-19,34.56,73.1,29.59,13.19,8.13,0.6,34.03,January,Winter,Christmas & New Year,73.1,Satisfactory,Hyderabad,Telangana,17.360589,78.4740613
2024-01-20,29.32,68.17,19.23,13.7,7.25,0.54,25.3,January,Winter,Christmas & New Year,68.17,Satisfactory,Hyderabad,Telangana,17.360589,78.4740613
2024-01-21,26.41,63.35,31.66,14.64,8.39,0.58,27.65,January,Winter,Christmas & New Year,63.35,Satisfactory,Hyderabad,Telangana,17.360589,78.4740613
2024-01-22,31.25,70.88,18.52,12.48,7.8,0.56,25.55,January,Winter,Christmas & New Year,70.88,Satisfactory,Hyderabad,Telangana,17.360589,78.4740613
2024-01-23,29.38,72.13,13.83,12.91,8.56,0.59,22.7,January,Winter,Christmas & New Year,72.13,Satisfactory,Hyderabad,Telangana,17.360589,78.4740613
2024-01-24,33.57,75.94,17.32,14.29,9.66,0.61,25.41,January,Winter,Christmas & New Year,75.94,Satisfactory,Hyderabad,Telangana,17.360589,78.4740613
2024-01-25,47.3,94.38,21.62,14.54,16.79,0.68,29.48,January,Winter,Christmas & New Year,94.38,Satisfactory,Hyderabad,Telangana,17.360589,78.4740613
2024-01-26,38.0,81.13,17.04,13.21,12.57,0.6,27.98,January,Winter,Christmas & New Year,81.13,Satisfactory,Hyderabad,Telangana,17.360589,78.4740613
2024-01-27,37.66,83.04,16.02,12.23,8.41,0.64,25.04,January,Winter,Christmas & New Year,83.04,Satisfactory,Hyderabad,Telangana,17.360589,78.4740613
2024-01-28,43.16,92.39,18.37,13.65,9.58,0.7,29.47,January,Winter,Christmas & New Year,92.39,Satisfactory,Hyderabad,Telangana,17.360589,78.4740613
2024-01-29,44.53,92.23,17.86,13.07,9.28,0.63,30.03,January,Winter,Christmas & New Year,92.23,Satisfactory,Hyderabad,Telangana,17.360589,78.4740613
2024-01-30,37.46,84.27,17.21,13.64,9.58,0.61,28.82,January,Winter,Christmas & New Year,84.27,Satisfactory,Hyderabad,Telangana,17.360589,78.4740613
2024-01-31,28.57,75.34,18.93,13.66,9.91,0.54,24.37,January,Winter,Christmas & New Year,75.34,Satisfactory,Hyderabad,Telangana,17.360589,78.4740613
2024-02-01,30.09,77.62,17.41,13.42,12.34,0.6,27.16,February,Winter,Winter Wedding,77.62,Satisfactory,Hyderabad,Telangana,17.360589,78.4740613
2024-02-02,32.58,79.82,23.56,13.55,10.03,0.61,27.12,February,Winter,Winter Wedding,79.82,Satisfactory,Hyderabad,Telangana,17.360589,78.4740613
2024-02-03,31.97,73.96,16.65,13.11,8.83,0.53,23.2,February,Winter,Winter Wedding,73.96,Satisfactory,Hyderabad,Telangana,17.360589,78.4740613
2024-02-04,33.11,80.5,19.99,12.37,10.96,0.59,29.25,February,Winter,Winter Wedding,80.5,Satisfactory,Hyderabad,Telangana,17.360589,78.4740613
2024-02-05,31.14,76.36,17.92,12.57,9.73,0.56,25.13,February,Winter,Winter Wedding,76.36,Satisfactory,Hyderabad,Telangana,17.360589,78.4740613
2024-02-06,33.24,79.29,16.02,12.95,9.08,0.6,24.61,February,Winter,Winter Wedding,79.29,Satisfactory,Hyderabad,Telangana,17.360589,78.4740613
2024-02-07,32.8,79.47,22.68,13.19,10.62,0.63,26.05,February,Winter,Winter Wedding,79.47,Satisfactory,Hyderabad,Telangana,17.360589,78.4740613
2024-02-08,41.38,92.39,17.62,13.46,10.71,0.64,30.19,February,Winter,Winter Wedding,92.39,Satisfactory,Hyderabad,Telangana,17.360589,78.4740613
2024-02-09,33.92,87.01,15.89,14.88,12.76,0.49,28.56,February,Winter,Winter Wedding,87.01,Satisfactory,Hyderabad,Telangana,17.360589,78.4740613
2024-02-10,31.86,79.07,16.12,12.88,8.47,0.5,24.58,February,Winter,Winter Wedding,79.07,Satisfactory,Hyderabad,Telangana,17.360589,78.4740613
2024-02-11,31.13,74.31,22.41,12.48,7.58,0.48,31.2,February,Winter,Winter Wedding,74.31,Satisfactory,Hyderabad,Telangana,17.360589,78.4740613
2024-02-12,31.22,74.93,16.57,13.05,6.65,0.52,29.8,February,Winter,Winter Wedding,74.93,Satisfactory,Hyderabad,Telangana,17.360589,78.4740613
2024-02-13,21.68,70.95,13.85,13.61,7.91,0.47,27.21,February,Winter,Winter Wedding,70.95,Satisfactory,Hyderabad,Telangana,17.360589,78.4740613
2024-02-14,24.57,72.21,15.44,13.2,8.7,0.51,26.87,February,Winter,Winter Wedding,72.21,Satisfactory,Hyderabad,Telangana,17.360589,78.4740613
2024-02-15,24.24,72.29,15.1,13.51,7.9,0.48,30.13,February,Winter,Winter Wedding,72.29,Satisfactory,Hyderabad,Telangana,17.360589,78.4740613
2024-02-16,23.77,70.94,17.54,13.65,8.13,0.47,28.02,February,Winter,Winter Wedding,70.94,Satisfactory,Hyderabad,Telangana,17.360589,78.4740613
2024-02-17,26.35,72.6,19.54,14.35,9.56,0.55,30.31,February,Winter,Winter Wedding,72.6,Satisfactory,Hyderabad,Telangana,17.360589,78.4740613
2024-02-18,25.47,69.78,30.88,12.38,9.4,0.58,37.12,February,Winter,Winter Wedding,69.78,Satisfactory,Hyderabad,Telangana,17.360589,78.4740613
2024-02-19,28.17,75.12,18.92,13.65,11.12,0.52,28.19,February,Winter,Winter Wedding,75.12,Satisfactory,Hyderabad,Telangana,17.360589,78.4740613
2024-02-20,32.84,77.99,15.18,13.1,11.15,0.55,26.19,February,Winter,Winter Wedding,77.99,Satisfactory,Hyderabad,Telangana,17.360589,78.4740613
2024-02-21,33.45,80.45,15.99,13.47,11.52,0.61,24.4,February,Winter,Winter Wedding,80.45,Satisfactory,Hyderabad,Telangana,17.360589,78.4740613
2024-02-22,35.51,82.23,14.96,13.72,10.7,0.63,26.62,February,Winter,Winter Wedding,82.23,Satisfactory,Hyderabad,Telangana,17.360589,78.4740613
2024-02-23,35.22,85.41,17.15,15.37,13.21,0.61,28.33,February,Winter,Winter Wedding,85.41,Satisfactory,Hyderabad,Telangana,17.360589,78.4740613
2024-02-24,36.56,83.37,15.45,13.76,9.03,0.58,23.88,February,Winter,Winter Wedding,83.37,Satisfactory,Hyderabad,Telangana,17.360589,78.4740613
2024-02-25,28.85,69.85,16.67,12.02,7.18,0.48,21.96,February,Winter,Winter Wedding,69.85,Satisfactory,Hyderabad,Telangana,17.360589,78.4740613
2024-02-26,27.46,70.75,13.97,12.13,10.32,0.48,23.62,February,Winter,Winter Wedding,70.75,Satisfactory,Hyderabad,Telangana,17.360589,78.4740613
2024-02-27,25.22,69.24,14.91,13.46,7.93,0.51,21.82,February,Winter,Winter Wedding,69.24,Satisfactory,Hyderabad,Telangana,17.360589,78.4740613
2024-02-28,26.12,72.35,17.07,13.09,7.67,0.56,25.03,February,Winter,Winter Wedding,72.35,Satisfactory,Hyderabad,Telangana,17.360589,78.4740613
2024-02-29,30.14,79.32,16.22,12.23,9.61,0.6,26.78,February,Winter,Winter Wedding,79.32,Satisfactory,Hyderabad,Telangana,17.360589,78.4740613
2024-03-01,33.82,84.0,22.82,12.84,8.75,0.63,29.26,March,Summer,Holi Festival Season,84.0,Satisfactory,Hyderabad,Telangana,17.360589,78.4740613
2024-03-02,27.28,76.77,15.96,12.31,8.91,0.49,28.11,March,Summer,Holi Festival Season,76.77,Satisfactory,Hyderabad,Telangana,17.360589,78.4740613
2024-03-03,29.04,75.93,18.33,12.81,11.41,0.58,28.29,March,Summer,Holi Festival Season,75.93,Satisfactory,Hyderabad,Telangana,17.360589,78.4740613
2024-03-04,32.39,85.24,15.45,12.19,10.27,0.58,27.62,March,Summer,Holi Festival Season,85.24,Satisfactory,Hyderabad,Telangana,17.360589,78.4740613
2024-03-05,36.57,87.84,16.17,13.06,10.09,0.54,26.3,March,Summer,Holi Festival Season,87.84,Satisfactory,Hyderabad,Telangana,17.360589,78.4740613
2024-03-06,29.82,77.53,16.24,14.56,9.54,0.49,26.64,March,Summer,Holi Festival Season,77.53,Satisfactory,Hyderabad,Telangana,17.360589,78.4740613
2024-03-07,33.71,84.39,19.31,15.8,12.04,0.62,30.62,March,Summer,Holi Festival Season,84.39,Satisfactory,Hyderabad,Telangana,17.360589,78.4740613
2024-03-08,35.12,80.68,15.54,13.33,11.02,0.66,26.25,March,Summer,Holi Festival Season,80.68,Satisfactory,Hyderabad,Telangana,17.360589,78.4740613
2024-03-09,35.0,82.53,16.09,14.29,11.55,0.65,28.09,March,Summer,Holi Festival Season,82.53,Satisfactory,Hyderabad,Telangana,17.360589,78.4740613
2024-03-10,31.0,74.69,13.38,13.9,8.71,0.5,21.36,March,Summer,Holi Festival Season,74.69,Satisfactory,Hyderabad,Telangana,17.360589,78.4740613
2024-03-11,28.84,72.38,14.32,14.97,7.97,0.49,26.14,March,Summer,Holi Festival Season,72.38,Satisfactory,Hyderabad,Telangana,17.360589,78.4740613
2024-03-12,36.8,84.47,14.75,12.97,9.58,0.62,29.57,March,Summer,Holi Festival Season,84.47,Satisfactory,Hyderabad,Telangana,17.360589,78.4740613
2024-03-13,38.39,90.07,15.94,14.14,10.43,0.57,32.63,March,Summer,Holi Festival Season,90.07,Satisfactory,Hyderabad,Telangana,17.360589,78.4740613
2024-03-14,43.6,96.44,18.45,16.91,10.68,0.62,30.06,March,Summer,Holi Festival Season,96.44,Satisfactory,Hyderabad,Telangana,17.360589,78.4740613
2024-03-15,43.27,98.46,16.16,15.19,10.26,0.59,31.19,March,Summer,Holi Festival Season,98.46,Satisfactory,Hyderabad,Telangana,17.360589,78.4740613
2024-03-16,32.65,84.55,13.3,12.7,9.39,0.52,26.86,March,Summer,Holi Festival Season,84.55,Satisfactory,Hyderabad,Telangana,17.360589,78.4740613
2024-03-17,28.21,71.69,13.32,14.03,9.42,0.53,24.34,March,Summer,Holi Festival Season,71.69,Satisfactory,Hyderabad,Telangana,17.360589,78.4740613
2024-03-18,26.15,70.14,13.31,13.36,10.29,0.53,20.91,March,Summer,Holi Festival Season,70.14,Satisfactory,Hyderabad,Telangana,17.360589,78.4740613
2024-03-19,30.74,74.74,15.33,13.52,9.81,0.6,22.76,March,Summer,Holi Festival Season,74.74,Satisfactory,Hyderabad,Telangana,17.360589,78.4740613
2024-03-20,33.48,79.33,13.9,13.03,9.38,0.54,22.96,March,Summer,Holi Festival Season,79.33,Satisfactory,Hyderabad,Telangana,17.360589,78.4740613
2024-03-21,31.48,75.59,15.05,13.54,9.47,0.54,26.47,March,Summer,Holi Festival Season,75.59,Satisfactory,Hyderabad,Telangana,17.360589,78.4740613
2024-03-22,29.16,80.2,15.63,12.69,11.17,0.62,31.73,March,Summer,Holi Festival Season,80.2,Satisfactory,Hyderabad,Telangana,17.360589,78.4740613
2024-03-23,30.71,80.61,15.38,12.29,10.12,0.55,32.79,March,Summer,Holi Festival Season,80.61,Satisfactory,Hyderabad,Telangana,17.360589,78.4740613
2024-03-24,31.31,84.0,18.28,13.64,10.82,0.61,36.15,March,Summer,Holi Festival Season,84.0,Satisfactory,Hyderabad,Telangana,17.360589,78.4740613
2024-03-25,31.21,80.11,25.7,12.08,9.92,0.68,36.86,March,Summer,Holi Festival Season,80.11,Satisfactory,Hyderabad,Telangana,17.360589,78.4740613
2024-03-26,30.24,78.23,15.14,12.71,10.67,0.64,37.26,March,Summer,Holi Festival Season,78.23,Satisfactory,Hyderabad,Telangana,17.360589,78.4740613
2024-03-27,30.06,79.33,18.46,13.78,9.56,0.61,32.77,March,Summer,Holi Festival Season,79.33,Satisfactory,Hyderabad,Telangana,17.360589,78.4740613
2024-03-28,32.59,81.77,16.98,13.32,9.85,0.65,28.11,March,Summer,Holi Festival Season,81.77,Satisfactory,Hyderabad,Telangana,17.360589,78.4740613
2024-03-29,35.66,87.21,15.37,14.41,12.01,0.63,38.96,March,Summer,Holi Festival Season,87.21,Satisfactory,Hyderabad,Telangana,17.360589,78.4740613
2024-03-30,31.67,82.99,15.22,14.87,9.29,0.59,33.91,March,Summer,Holi Festival Season,82.99,Satisfactory,Hyderabad,Telangana,17.360589,78.4740613
2024-03-31,31.74,83.78,15.27,14.57,10.49,0.71,36.89,March,Summer,Holi Festival Season,83.78,Satisfactory,Hyderabad,Telangana,17.360589,78.4740613
2024-04-01,31.99,80.37,15.8,16.53,8.95,0.65,33.91,April,Summer,Summer Wedding,80.37,Satisfactory,Hyderabad,Telangana,17.360589,78.4740613
2024-04-02,36.9,91.06,15.6,17.29,9.61,0.67,38.82,April,Summer,Summer Wedding,91.06,Satisfactory,Hyderabad,Telangana,17.360589,78.4740613
2024-04-03,34.9,85.88,15.04,16.76,9.27,0.62,32.62,April,Summer,Summer Wedding,85.88,Satisfactory,Hyderabad,Telangana,17.360589,78.4740613
2024-04-04,33.41,83.96,15.19,17.31,9.77,0.63,35.37,April,Summer,Summer Wedding,83.96,Satisfactory,Hyderabad,Telangana,17.360589,78.4740613
2024-04-05,33.84,85.15,14.6,16.54,10.59,0.69,35.24,April,Summer,Summer Wedding,85.15,Satisfactory,Hyderabad,Telangana,17.360589,78.4740613
2024-04-06,37.78,92.36,16.7,16.35,12.61,0.9,32.8,April,Summer,Summer Wedding,92.36,Satisfactory,Hyderabad,Telangana,17.360589,78.4740613
2024-04-07,33.03,84.66,15.26,16.03,10.09,0.68,37.58,April,Summer,Summer Wedding,84.66,Satisfactory,Hyderabad,Telangana,17.360589,78.4740613
2024-04-08,39.46,94.82,14.73,17.18,11.71,0.61,32.96,April,Summer,Summer Wedding,94.82,Satisfactory,Hyderabad,Telangana,17.360589,78.4740613
2024-04-09,31.32,77.19,13.15,17.82,7.48,0.46,32.78,April,Summer,Summer Wedding,77.19,Satisfactory,Hyderabad,Telangana,17.360589,78.4740613
2024-04-10,30.23,78.74,14.1,15.16,7.36,0.57,36.59,April,Summer,Summer Wedding,78.74,Satisfactory,Hyderabad,Telangana,17.360589,78.4740613
2024-04-11,27.91,72.43,14.2,15.81,8.59,0.56,33.75,April,Summer,Summer Wedding,72.43,Satisfactory,Hyderabad,Telangana,17.360589,78.4740613
2024-04-12,30.87,78.44,12.92,15.07,7.87,0.54,29.68,April,Summer,Summer Wedding,78.44,Satisfactory,Hyderabad,Telangana,17.360589,78.4740613
2024-04-13,27.93,74.73,14.82,14.55,8.93,0.64,26.03,April,Summer,Summer Wedding,74.73,Satisfactory,Hyderabad,Telangana,17.360589,78.4740613
2024-04-14,27.82,73.7,13.95,15.22,8.34,0.61,31.04,April,Summer,Summer Wedding,73.7,Satisfactory,Hyderabad,Telangana,17.360589,78.4740613
2024-04-15,30.09,77.83,15.2,15.23,8.6,0.67,36.2,April,Summer,Summer Wedding,77.83,Satisfactory,Hyderabad,Telangana,17.360589,78.4740613
2024-04-16,33.22,87.01,16.01,16.14,11.04,0.73,36.09,April,Summer,Summer Wedding,87.01,Satisfactory,Hyderabad,Telangana,17.360589,78.4740613
2024-04-17,33.5,82.16,16.77,17.87,10.3,0.73,40.67,April,Summer,Summer Wedding,82.16,Satisfactory,Hyderabad,Telangana,17.360589,78.4740613
2024-04-18,39.42,86.22,18.72,16.02,9.37,0.78,35.07,April,Summer,Summer Wedding,86.22,Satisfactory,Hyderabad,Telangana,17.360589,78.4740613
2024-04-19,36.98,85.25,16.17,17.61,9.53,0.74,28.82,April,Summer,Summer Wedding,85.25,Satisfactory,Hyderabad,Telangana,17.360589,78.4740613
2024-04-20,38.03,81.87,20.95,18.32,9.96,0.79,27.41,April,Summer,Summer Wedding,81.87,Satisfactory,Hyderabad,Telangana,17.360589,78.4740613
2024-04-21,33.36,79.4,34.49,17.01,11.62,0.79,36.43,April,Summer,Summer Wedding,79.4,Satisfactory,Hyderabad,Telangana,17.360589,78.4740613
2024-04-22,32.05,78.93,16.2,16.4,8.78,0.69,38.15,April,Summer,Summer Wedding,78.93,Satisfactory,Hyderabad,Telangana,17.360589,78.4740613
2024-04-23,30.01,79.31,15.97,16.79,11.28,0.56,36.74,April,Summer,Summer Wedding,79.31,Satisfactory,Hyderabad,Telangana,17.360589,78.4740613
2024-04-24,38.38,79.55,16.76,16.45,11.18,0.72,35.14,April,Summer,Summer Wedding,79.55,Satisfactory,Hyderabad,Telangana,17.360589,78.4740613
2024-04-25,35.54,79.46,16.36,15.59,12.0,0.66,33.62,April,Summer,Summer Wedding,79.46,Satisfactory,Hyderabad,Telangana,17.360589,78.4740613
2024-04-26,34.32,79.97,16.58,15.04,11.06,0.62,32.26,April,Summer,Summer Wedding,79.97,Satisfactory,Hyderabad,Telangana,17.360589,78.4740613
2024-04-27,75.81,87.98,16.02,16.28,11.69,0.67,34.69,April,Summer,Summer Wedding,151.55827586206897,Moderate,Hyderabad,Telangana,17.360589,78.4740613
2024-04-28,98.69,78.29,16.47,16.06,10.28,0.61,32.64,April,Summer,Summer Wedding,227.25206896551722,Poor,Hyderabad,Telangana,17.360589,78.4740613
2024-04-29,67.62,79.21,16.02,16.46,9.64,0.55,31.79,April,Summer,Summer Wedding,123.5993103448276,Moderate,Hyderabad,Telangana,17.360589,78.4740613
2024-04-30,35.82,79.74,16.53,17.77,10.8,0.61,27.22,April,Summer,Summer Wedding,79.74,Satisfactory,Hyderabad,Telangana,17.360589,78.4740613
2024-05-01,37.53,86.13,16.48,17.84,12.09,0.63,26.11,May,Summer,Summer Wedding,86.13,Satisfactory,Hyderabad,Telangana,17.360589,78.4740613
2024-05-02,39.86,97.95,18.62,16.29,16.56,0.8,24.5,May,Summer,Summer Wedding,97.95,Satisfactory,Hyderabad,Telangana,17.360589,78.4740613
2024-05-03,41.7,97.52,21.18,18.73,15.78,0.94,29.85,May,Summer,Summer Wedding,97.52,Satisfactory,Hyderabad,Telangana,17.360589,78.4740613
2024-05-04,42.98,97.62,17.21,17.88,12.3,0.82,28.26,May,Summer,Summer Wedding,97.62,Satisfactory,Hyderabad,Telangana,17.360589,78.4740613
2024-05-05,40.14,92.06,17.05,18.75,13.84,0.69,28.06,May,Summer,Summer Wedding,92.06,Satisfactory,Hyderabad,Telangana,17.360589,78.4740613
2024-05-06,35.78,84.09,17.0,16.53,11.25,0.64,32.7,May,Summer,Summer Wedding,84.09,Satisfactory,Hyderabad,Telangana,17.360589,78.4740613
2024-05-07,31.37,75.4,13.45,16.3,8.72,0.53,34.96,May,Summer,Summer Wedding,75.4,Satisfactory,Hyderabad,Telangana,17.360589,78.4740613
2024-05-08,31.36,78.4,13.42,18.12,8.7,0.55,36.6,May,Summer,Summer Wedding,78.4,Satisfactory,Hyderabad,Telangana,17.360589,78.4740613
2024-05-09,26.21,67.68,15.2,16.76,9.67,0.58,36.72,May,Summer,Summer Wedding,67.68,Satisfactory,Hyderabad,Telangana,17.360589,78.4740613
2024-05-10,26.7,68.8,20.13,16.57,9.72,0.59,34.89,May,Summer,Summer Wedding,68.8,Satisfactory,Hyderabad,Telangana,17.360589,78.4740613
2024-05-11,27.84,74.25,16.78,17.71,9.81,0.6,35.26,May,Summer,Summer Wedding,74.25,Satisfactory,Hyderabad,Telangana,17.360589,78.4740613
2024-05-12,25.67,67.27,14.31,16.21,10.01,0.54,29.86,May,Summer,Summer Wedding,67.27,Satisfactory,Hyderabad,Telangana,17.360589,78.4740613
2024-05-13,24.0,58.4,30.03,14.07,9.08,0.53,41.78,May,Summer,Summer Wedding,58.4,Satisfactory,Hyderabad,Telangana,17.360589,78.4740613
2024-05-14,28.1,71.59,15.16,14.23,8.81,0.55,32.52,May,Summer,Summer Wedding,71.59,Satisfactory,Hyderabad,Telangana,17.360589,78.4740613
2024-05-15,29.41,75.86,16.03,17.93,8.74,0.56,39.33,May,Summer,Summer Wedding,75.86,Satisfactory,Hyderabad,Telangana,17.360589,78.4740613
2024-05-16,29.81,75.03,14.62,17.57,11.5,0.52,29.1,May,Summer,Summer Wedding,75.03,Satisfactory,Hyderabad,Telangana,17.360589,78.4740613
2024-05-17,23.24,67.39,14.43,16.83,11.39,0.47,31.0,May,Summer,Summer Wedding,67.39,Satisfactory,Hyderabad,Telangana,17.360589,78.4740613
2024-05-18,21.51,66.58,17.28,13.95,9.63,0.49,24.76,May,Summer,Summer Wedding,66.58,Satisfactory,Hyderabad,Telangana,17.360589,78.4740613
2024-05-19,25.84,62.18,29.52,13.93,10.07,0.58,29.77,May,Summer,Summer Wedding,62.18,Satisfactory,Hyderabad,Telangana,17.360589,78.4740613
2024-05-20,28.03,62.4,16.97,14.45,11.29,0.59,23.79,May,Summer,Summer Wedding,62.4,Satisfactory,Hyderabad,Telangana,17.360589,78.4740613
2024-05-21,28.12,71.82,14.55,16.96,10.37,0.61,29.03,May,Summer,Summer Wedding,71.82,Satisfactory,Hyderabad,Telangana,17.360589,78.4740613
2024-05-22,26.69,71.54,14.13,16.53,10.58,0.54,27.65,May,Summer,Summer Wedding,71.54,Satisfactory,Hyderabad,Telangana,17.360589,78.4740613
2024-05-23,30.3,80.03,16.69,16.82,10.95,0.68,28.09,May,Summer,Summer Wedding,80.03,Satisfactory,Hyderabad,Telangana,17.360589,78.4740613
2024-05-24,29.78,71.86,17.79,14.95,11.36,0.63,28.11,May,Summer,Summer Wedding,71.86,Satisfactory,Hyderabad,Telangana,17.360589,78.4740613
2024-05-25,32.6,77.32,16.18,17.67,11.19,0.53,33.05,May,Summer,Summer Wedding,77.32,Satisfactory,Hyderabad,Telangana,17.360589,78.4740613
2024-05-26,29.84,69.1,15.79,17.28,10.25,0.52,31.56,May,Summer,Summer Wedding,69.1,Satisfactory,Hyderabad,Telangana,17.360589,78.4740613
2024-05-27,24.42,65.42,13.94,15.06,11.03,0.53,23.83,May,Summer,Summer Wedding,65.42,Satisfactory,Hyderabad,Telangana,17.360589,78.4740613
2024-05-28,31.39,71.94,14.03,16.15,9.58,0.39,20.87,May,Summer,Summer Wedding,71.94,Satisfactory,Hyderabad,Telangana,17.360589,78.4740613
2024-05-29,28.35,73.22,14.1,17.44,11.94,0.53,27.33,May,Summer,Summer Wedding,73.22,Satisfactory,Hyderabad,Telangana,17.360589,78.4740613
2024-05-30,29.38,76.37,16.34,16.66,12.16,0.53,27.54,May,Summer,Summer Wedding,76.37,Satisfactory,Hyderabad,Telangana,17.360589,78.4740613
2024-05-31,35.84,85.62,19.18,15.67,13.25,0.61,25.13,May,Summer,Summer Wedding,85.62,Satisfactory,Hyderabad,Telangana,17.360589,78.4740613
2024-06-01,36.96,94.72,16.65,14.63,13.91,0.61,25.81,June,Monsoon,Non-Festival Period,94.72,Satisfactory,Hyderabad,Telangana,17.360589,78.4740613
2024-06-02,30.74,77.11,13.91,14.39,10.98,0.54,25.29,June,Monsoon,Non-Festival Period,77.11,Satisfactory,Hyderabad,Telangana,17.360589,78.4740613
2024-06-03,23.89,62.53,13.01,16.59,10.16,0.55,23.41,June,Monsoon,Non-Festival Period,62.53,Satisfactory,Hyderabad,Telangana,17.360589,78.4740613
2024-06-04,27.02,59.76,12.91,15.92,9.4,0.53,25.02,June,Monsoon,Non-Festival Period,59.76,Satisfactory,Hyderabad,Telangana,17.360589,78.4740613
2024-06-05,26.39,57.77,13.56,15.64,9.52,0.55,31.6,June,Monsoon,Non-Festival Period,57.77,Satisfactory,Hyderabad,Telangana,17.360589,78.4740613
2024-06-06,25.62,60.23,15.63,16.16,9.38,0.65,31.73,June,Monsoon,Non-Festival Period,60.23,Satisfactory,Hyderabad,Telangana,17.360589,78.4740613
2024-06-07,26.04,57.89,14.77,17.22,10.5,0.56,30.87,June,Monsoon,Non-Festival Period,57.89,Satisfactory,Hyderabad,Telangana,17.360589,78.4740613
2024-06-08,23.15,57.19,25.05,16.6,11.64,0.5,31.88,June,Monsoon,Non-Festival Period,57.19,Satisfactory,Hyderabad,Telangana,17.360589,78.4740613
2024-06-09,18.06,47.86,29.57,13.16,8.82,0.45,33.67,June,Monsoon,Non-Festival Period,47.86,Good,Hyderabad,Telangana,17.360589,78.4740613
2024-06-10,23.62,59.29,23.04,13.92,11.77,0.5,33.72,June,Monsoon,Non-Festival Period,59.29,Satisfactory,Hyderabad,Telangana,17.360589,78.4740613
2024-06-11,22.72,57.36,16.0,19.77,11.53,0.48,27.98,June,Monsoon,Non-Festival Period,57.36,Satisfactory,Hyderabad,Telangana,17.360589,78.4740613
2024-06-12,24.55,59.88,15.1,14.46,11.38,0.47,22.55,June,Monsoon,Non-Festival Period,59.88,Satisfactory,Hyderabad,Telangana,17.360589,78.4740613
2024-06-13,22.62,57.4,15.39,16.05,9.53,0.49,22.36,June,Monsoon,Non-Festival Period,57.4,Satisfactory,Hyderabad,Telangana,17.360589,78.4740613
2024-06-14,19.11,54.31,13.11,15.87,9.67,0.5,21.73,June,Monsoon,Non-Festival Period,54.31,Satisfactory,Hyderabad,Telangana,17.360589,78.4740613
2024-06-15,19.03,53.13,13.34,15.88,11.17,0.46,20.87,June,Monsoon,Non-Festival Period,53.13,Satisfactory,Hyderabad,Telangana,17.360589,78.4740613
2024-06-16,17.66,47.19,13.93,14.31,9.54,0.41,23.62,June,Monsoon,Non-Festival Period,47.19,Good,Hyderabad,Telangana,17.360589,78.4740613
2024-06-17,20.87,52.51,13.69,13.33,9.6,0.59,20.0,June,Monsoon,Non-Festival Period,52.51,Satisfactory,Hyderabad,Telangana,17.360589,78.4740613
2024-06-18,23.06,54.44,14.43,12.63,9.88,0.56,21.69,June,Monsoon,Non-Festival Period,54.44,Satisfactory,Hyderabad,Telangana,17.360589,78.4740613
2024-06-19,20.9,53.96,14.64,13.54,10.88,0.51,21.33,June,Monsoon,Non-Festival Period,53.96,Satisfactory,Hyderabad,Telangana,17.360589,78.4740613
2024-06-20,22.67,58.35,14.41,12.25,10.36,0.47,20.5,June,Monsoon,Non-Festival Period,58.35,Satisfactory,Hyderabad,Telangana,17.360589,78.4740613
2024-06-21,24.56,56.44,14.34,12.86,11.07,0.48,22.48,June,Monsoon,Non-Festival Period,56.44,Satisfactory,Hyderabad,Telangana,17.360589,78.4740613
2024-06-22,26.67,60.09,14.21,12.73,10.73,0.53,20.7,June,Monsoon,Non-Festival Period,60.09,Satisfactory,Hyderabad,Telangana,17.360589,78.4740613
2024-06-23,24.46,55.08,14.24,10.79,8.05,0.54,21.08,June,Monsoon,Non-Festival Period,55.08,Satisfactory,Hyderabad,Telangana,17.360589,78.4740613
2024-06-24,21.94,54.2,12.77,12.5,8.98,0.47,23.63,June,Monsoon,Non-Festival Period,54.2,Satisfactory,Hyderabad,Telangana,17.360589,78.4740613
2024-06-25,21.67,55.1,13.21,12.26,10.55,0.47,21.89,June,Monsoon,Non-Festival Period,55.1,Satisfactory,Hyderabad,Telangana,17.360589,78.4740613
2024-06-26,23.03,52.82,12.92,12.04,10.89,0.45,20.53,June,Monsoon,Non-Festival Period,52.82,Satisfactory,Hyderabad,Telangana,17.360589,78.4740613
2024-06-27,18.75,51.76,13.26,12.5,8.78,0.52,19.49,June,Monsoon,Non-Festival Period,51.76,Satisfactory,Hyderabad,Telangana,17.360589,78.4740613
2024-06-28,22.5,55.23,13.47,12.71,9.61,0.46,19.0,June,Monsoon,Non-Festival Period,55.23,Satisfactory,Hyderabad,Telangana,17.360589,78.4740613
2024-06-29,22.89,56.04,14.39,12.99,10.03,0.5,18.48,June,Monsoon,Non-Festival Period,56.04,Satisfactory,Hyderabad,Telangana,17.360589,78.4740613
2024-06-30,26.41,51.24,13.29,11.96,9.51,0.48,19.29,June,Monsoon,Non-Festival Period,51.24,Satisfactory,Hyderabad,Telangana,17.360589,78.4740613
2024-07-01,52.75,56.16,12.67,13.1,9.26,0.51,19.07,July,Monsoon,Non-Festival Period,87.75,Satisfactory,Hyderabad,Telangana,17.360589,78.4740613
2024-07-02,55.86,54.26,12.85,15.55,7.92,0.47,21.58,July,Monsoon,Non-Festival Period,93.00482758620689,Satisfactory,Hyderabad,Telangana,17.360589,78.4740613
2024-07-03,24.76,54.48,14.3,13.49,9.51,0.51,22.89,July,Monsoon,Non-Festival Period,54.48,Satisfactory,Hyderabad,Telangana,17.360589,78.4740613
2024-07-04,23.31,57.33,14.4,15.69,10.74,0.49,23.01,July,Monsoon,Non-Festival Period,57.33,Satisfactory,Hyderabad,Telangana,17.360589,78.4740613
2024-07-05,22.5,53.45,15.48,12.65,9.27,0.48,21.57,July,Monsoon,Non-Festival Period,53.45,Satisfactory,Hyderabad,Telangana,17.360589,78.4740613
2024-07-06,23.36,54.5,14.03,12.73,9.13,0.5,23.85,July,Monsoon,Non-Festival Period,54.5,Satisfactory,Hyderabad,Telangana,17.360589,78.4740613
2024-07-07,22.81,55.22,13.82,12.55,9.13,0.49,23.3,July,Monsoon,Non-Festival Period,55.22,Satisfactory,Hyderabad,Telangana,17.360589,78.4740613
2024-07-08,22.79,56.2,15.04,12.9,8.76,0.5,21.65,July,Monsoon,Non-Festival Period,56.2,Satisfactory,Hyderabad,Telangana,17.360589,78.4740613
2024-07-09,23.97,61.32,15.34,12.65,7.98,0.47,22.13,July,Monsoon,Non-Festival Period,61.32,Satisfactory,Hyderabad,Telangana,17.360589,78.4740613
2024-07-10,23.31,61.07,14.97,12.81,8.41,0.48,21.25,July,Monsoon,Non-Festival Period,61.07,Satisfactory,Hyderabad,Telangana,17.360589,78.4740613
2024-07-11,20.83,55.12,14.94,13.88,10.18,0.48,24.13,July,Monsoon,Non-Festival Period,55.12,Satisfactory,Hyderabad,Telangana,17.360589,78.4740613
2024-07-12,23.16,56.39,14.84,13.1,8.01,0.5,20.53,July,Monsoon,Non-Festival Period,56.39,Satisfactory,Hyderabad,Telangana,17.360589,78.4740613
2024-07-13,21.42,55.45,14.05,13.84,7.98,0.47,19.56,July,Monsoon,Non-Festival Period,55.45,Satisfactory,Hyderabad,Telangana,17.360589,78.4740613
2024-07-14,18.64,45.02,14.24,12.5,7.82,0.46,21.5,July,Monsoon,Non-Festival Period,45.02,Good,Hyderabad,Telangana,17.360589,78.4740613
2024-07-15,20.46,49.4,14.28,13.61,9.17,0.48,17.33,July,Monsoon,Non-Festival Period,49.4,Good,Hyderabad,Telangana,17.360589,78.4740613
2024-07-16,18.63,47.14,14.74,12.68,7.85,0.47,20.0,July,Monsoon,Non-Festival Period,47.14,Good,Hyderabad,Telangana,17.360589,78.4740613
2024-07-17,17.46,49.47,14.03,13.53,7.78,0.42,21.04,July,Monsoon,Non-Festival Period,49.47,Good,Hyderabad,Telangana,17.360589,78.4740613
2024-07-18,18.36,48.29,15.04,13.74,8.34,0.48,17.58,July,Monsoon,Non-Festival Period,48.29,Good,Hyderabad,Telangana,17.360589,78.4740613
2024-07-19,19.27,46.83,13.56,13.89,7.98,0.43,17.84,July,Monsoon,Non-Festival Period,46.83,Good,Hyderabad,Telangana,17.360589,78.4740613
2024-07-20,16.74,39.7,13.64,12.75,7.19,0.46,16.72,July,Monsoon,Non-Festival Period,39.7,Good,Hyderabad,Telangana,17.360589,78.4740613
2024-07-21,17.69,41.72,12.95,11.88,5.73,0.42,14.91,July,Monsoon,Non-Festival Period,41.72,Good,Hyderabad,Telangana,17.360589,78.4740613
2024-07-22,19.78,50.33,14.02,13.42,7.83,0.45,20.01,July,Monsoon,Non-Festival Period,32.96666666666667,Good,Hyderabad,Telangana,17.360589,78.4740613
2024-07-23,18.42,45.03,12.81,13.17,7.68,0.43,18.74,July,Monsoon,Non-Festival Period,45.03,Good,Hyderabad,Telangana,17.360589,78.4740613
2024-07-24,17.38,42.99,12.89,12.5,7.42,0.46,17.24,July,Monsoon,Non-Festival Period,42.99,Good,Hyderabad,Telangana,17.360589,78.4740613
2024-07-25,17.14,41.6,12.9,12.99,6.56,0.49,18.1,July,Monsoon,Non-Festival Period,41.6,Good,Hyderabad,Telangana,17.360589,78.4740613
2024-07-26,20.53,45.63,13.92,13.96,7.61,0.49,18.28,July,Monsoon,Non-Festival Period,45.63,Good,Hyderabad,Telangana,17.360589,78.4740613
2024-07-27,19.51,49.63,14.11,13.59,7.81,0.5,18.12,July,Monsoon,Non-Festival Period,49.63,Good,Hyderabad,Telangana,17.360589,78.4740613
2024-07-28,20.61,52.65,13.86,14.8,8.25,0.56,19.54,July,Monsoon,Non-Festival Period,52.65,Satisfactory,Hyderabad,Telangana,17.360589,78.4740613
2024-07-29,20.7,56.1,14.92,14.73,9.07,0.56,19.96,July,Monsoon,Non-Festival Period,56.1,Satisfactory,Hyderabad,Telangana,17.360589,78.4740613
2024-07-30,23.06,56.96,14.67,12.92,9.54,0.54,22.52,July,Monsoon,Non-Festival Period,56.96,Satisfactory,Hyderabad,Telangana,17.360589,78.4740613
2024-07-31,22.11,57.37,15.31,13.19,9.45,0.53,20.09,July,Monsoon,Non-Festival Period,57.37,Satisfactory,Hyderabad,Telangana,17.360589,78.4740613
2024-08-01,22.92,53.0,14.58,14.24,7.8,0.49,17.59,August,Monsoon,Ganesh Chaturthi & Navratri,53.0,Satisfactory,Hyderabad,Telangana,17.360589,78.4740613
2024-08-02,20.81,52.86,14.31,12.23,7.67,0.51,21.51,August,Monsoon,Ganesh Chaturthi & Navratri,52.86,Satisfactory,Hyderabad,Telangana,17.360589,78.4740613
2024-08-03,21.59,55.16,13.94,14.32,8.27,0.52,22.67,August,Monsoon,Ganesh Chaturthi & Navratri,55.16,Satisfactory,Hyderabad,Telangana,17.360589,78.4740613
2024-08-04,20.78,53.09,13.13,13.22,7.98,0.46,20.96,August,Monsoon,Ganesh Chaturthi & Navratri,53.09,Satisfactory,Hyderabad,Telangana,17.360589,78.4740613
2024-08-05,24.18,59.89,14.87,13.95,9.18,0.58,22.05,August,Monsoon,Ganesh Chaturthi & Navratri,59.89,Satisfactory,Hyderabad,Telangana,17.360589,78.4740613
2024-08-06,20.56,57.9,15.68,13.36,9.31,0.62,18.99,August,Monsoon,Ganesh Chaturthi & Navratri,57.9,Satisfactory,Hyderabad,Telangana,17.360589,78.4740613
2024-08-07,21.26,55.56,15.16,13.05,8.08,0.63,17.7,August,Monsoon,Ganesh Chaturthi & Navratri,55.56,Satisfactory,Hyderabad,Telangana,17.360589,78.4740613
2024-08-08,25.23,57.56,15.06,12.23,8.73,0.57,16.53,August,Monsoon,Ganesh Chaturthi & Navratri,57.56,Satisfactory,Hyderabad,Telangana,17.360589,78.4740613
2024-08-09,25.62,61.88,16.19,11.93,9.52,0.58,18.65,August,Monsoon,Ganesh Chaturthi & Navratri,61.88,Satisfactory,Hyderabad,Telangana,17.360589,78.4740613
2024-08-10,27.16,57.55,14.12,11.89,9.92,0.6,20.19,August,Monsoon,Ganesh Chaturthi & Navratri,57.55,Satisfactory,Hyderabad,Telangana,17.360589,78.4740613
2024-08-11,22.02,56.58,14.71,12.0,9.59,0.51,19.3,August,Monsoon,Ganesh Chaturthi & Navratri,56.58,Satisfactory,Hyderabad,Telangana,17.360589,78.4740613
2024-08-12,25.43,62.47,14.36,14.52,9.42,0.68,19.1,August,Monsoon,Ganesh Chaturthi & Navratri,62.47,Satisfactory,Hyderabad,Telangana,17.360589,78.4740613
2024-08-13,25.33,71.21,15.5,14.81,8.69,0.61,20.04,August,Monsoon,Ganesh Chaturthi & Navratri,71.21,Satisfactory,Hyderabad,Telangana,17.360589,78.4740613
2024-08-14,34.15,82.4,16.56,16.26,7.78,0.67,23.54,August,Monsoon,Ganesh Chaturthi & Navratri,82.4,Satisfactory,Hyderabad,Telangana,17.360589,78.4740613
2024-08-15,32.88,69.66,15.91,15.06,7.56,0.57,20.48,August,Monsoon,Ganesh Chaturthi & Navratri,69.66,Satisfactory,Hyderabad,Telangana,17.360589,78.4740613
2024-08-16,26.44,68.83,15.76,14.8,9.25,0.63,22.85,August,Monsoon,Ganesh Chaturthi & Navratri,68.83,Satisfactory,Hyderabad,Telangana,17.360589,78.4740613
2024-08-17,25.52,66.24,15.4,14.17,9.05,0.57,19.63,August,Monsoon,Ganesh Chaturthi & Navratri,66.24,Satisfactory,Hyderabad,Telangana,17.360589,78.4740613
2024-08-18,28.14,67.69,15.13,13.3,9.07,0.61,19.8,August,Monsoon,Ganesh Chaturthi & Navratri,67.69,Satisfactory,Hyderabad,Telangana,17.360589,78.4740613
2024-08-19,27.32,62.16,15.71,16.14,9.79,0.69,20.87,August,Monsoon,Ganesh Chaturthi & Navratri,62.16,Satisfactory,Hyderabad,Telangana,17.360589,78.4740613
2024-08-20,24.53,62.68,16.34,18.36,10.91,0.74,23.8,August,Monsoon,Ganesh Chaturthi & Navratri,62.68,Satisfactory,Hyderabad,Telangana,17.360589,78.4740613
2024-08-21,25.19,64.14,18.22,16.84,11.45,0.75,23.92,August,Monsoon,Ganesh Chaturthi & Navratri,64.14,Satisfactory,Hyderabad,Telangana,17.360589,78.4740613
2024-08-22,23.44,70.55,14.63,15.2,11.72,0.5,21.65,August,Monsoon,Ganesh Chaturthi & Navratri,70.55,Satisfactory,Hyderabad,Telangana,17.360589,78.4740613
2024-08-23,21.28,50.54,14.42,17.19,9.95,0.52,23.01,August,Monsoon,Ganesh Chaturthi & Navratri,35.46666666666667,Good,Hyderabad,Telangana,17.360589,78.4740613
2024-08-24,24.92,47.87,13.81,20.7,9.0,0.62,20.0,August,Monsoon,Ganesh Chaturthi & Navratri,47.87,Good,Hyderabad,Telangana,17.360589,78.4740613
2024-08-25,16.48,43.01,15.74,15.44,8.4,0.64,19.48,August,Monsoon,Ganesh Chaturthi & Navratri,43.01,Good,Hyderabad,Telangana,17.360589,78.4740613
2024-08-26,22.82,49.61,14.76,13.32,8.64,0.6,19.63,August,Monsoon,Ganesh Chaturthi & Navratri,49.61,Good,Hyderabad,Telangana,17.360589,78.4740613
2024-08-27,18.49,49.48,15.66,11.79,9.23,0.51,18.71,August,Monsoon,Ganesh Chaturthi & Navratri,49.48,Good,Hyderabad,Telangana,17.360589,78.4740613
2024-08-28,23.56,62.52,16.49,14.84,9.61,0.64,20.8,August,Monsoon,Ganesh Chaturthi & Navratri,62.52,Satisfactory,Hyderabad,Telangana,17.360589,78.4740613
2024-08-29,21.53,53.14,16.67,17.01,9.61,0.59,21.58,August,Monsoon,Ganesh Chaturthi & Navratri,53.14,Satisfactory,Hyderabad,Telangana,17.360589,78.4740613
2024-08-30,22.17,59.32,16.49,15.48,9.86,0.64,21.01,August,Monsoon,Ganesh Chaturthi & Navratri,59.32,Satisfactory,Hyderabad,Telangana,17.360589,78.4740613
2024-08-31,24.18,59.47,14.6,13.44,8.47,0.59,20.82,August,Monsoon,Ganesh Chaturthi & Navratri,59.47,Satisfactory,Hyderabad,Telangana,17.360589,78.4740613
2024-09-01,52.47,47.04,12.76,13.76,7.61,0.6,18.99,September,Monsoon,Ganesh Chaturthi & Navratri,87.27689655172414,Satisfactory,Hyderabad,Telangana,17.360589,78.4740613
2024-09-02,57.2,46.51,12.84,12.0,7.62,0.53,18.9,September,Monsoon,Ganesh Chaturthi & Navratri,95.26896551724138,Satisfactory,Hyderabad,Telangana,17.360589,78.4740613
2024-09-03,20.45,53.06,14.23,13.36,16.35,0.6,21.88,September,Monsoon,Ganesh Chaturthi & Navratri,53.06,Satisfactory,Hyderabad,Telangana,17.360589,78.4740613
2024-09-04,21.56,52.89,14.03,14.39,9.31,0.6,21.11,September,Monsoon,Ganesh Chaturthi & Navratri,52.89,Satisfactory,Hyderabad,Telangana,17.360589,78.4740613
2024-09-05,20.62,49.48,13.59,12.61,9.25,0.54,23.54,September,Monsoon,Ganesh Chaturthi & Navratri,49.48,Good,Hyderabad,Telangana,17.360589,78.4740613
2024-09-06,20.52,53.28,14.36,14.23,9.31,0.55,23.15,September,Monsoon,Ganesh Chaturthi & Navratri,53.28,Satisfactory,Hyderabad,Telangana,17.360589,78.4740613
2024-09-07,19.8,53.22,14.13,15.07,10.07,0.48,22.39,September,Monsoon,Ganesh Chaturthi & Navratri,53.22,Satisfactory,Hyderabad,Telangana,17.360589,78.4740613
2024-09-08,16.76,48.01,15.48,13.21,9.15,0.52,21.38,September,Monsoon,Ganesh Chaturthi & Navratri,48.01,Good,Hyderabad,Telangana,17.360589,78.4740613
2024-09-09,21.09,54.21,16.55,12.42,10.04,0.54,20.27,September,Monsoon,Ganesh Chaturthi & Navratri,54.21,Satisfactory,Hyderabad,Telangana,17.360589,78.4740613
2024-09-10,20.04,52.55,13.94,11.49,10.05,0.55,20.6,September,Monsoon,Ganesh Chaturthi & Navratri,52.55,Satisfactory,Hyderabad,Telangana,17.360589,78.4740613
2024-09-11,20.74,54.7,14.42,12.0,10.64,0.5,23.05,September,Monsoon,Ganesh Chaturthi & Navratri,54.7,Satisfactory,Hyderabad,Telangana,17.360589,78.4740613
2024-09-12,21.54,58.55,15.57,12.74,11.1,0.49,20.95,September,Monsoon,Ganesh Chaturthi & Navratri,58.55,Satisfactory,Hyderabad,Telangana,17.360589,78.4740613
2024-09-13,25.15,70.1,15.76,16.53,13.22,0.48,21.13,September,Monsoon,Ganesh Chaturthi & Navratri,70.1,Satisfactory,Hyderabad,Telangana,17.360589,78.4740613
2024-09-14,24.83,68.71,15.8,15.62,12.73,0.52,20.39,September,Monsoon,Ganesh Chaturthi & Navratri,68.71,Satisfactory,Hyderabad,Telangana,17.360589,78.4740613
2024-09-15,23.54,65.5,16.15,16.88,13.6,0.52,21.16,September,Monsoon,Ganesh Chaturthi & Navratri,65.5,Satisfactory,Hyderabad,Telangana,17.360589,78.4740613
2024-09-16,24.41,65.43,15.63,15.34,13.07,0.58,22.54,September,Monsoon,Ganesh Chaturthi & Navratri,65.43,Satisfactory,Hyderabad,Telangana,17.360589,78.4740613
2024-09-17,27.92,69.81,15.84,14.76,13.05,0.55,23.15,September,Monsoon,Ganesh Chaturthi & Navratri,69.81,Satisfactory,Hyderabad,Telangana,17.360589,78.4740613
2024-09-18,29.47,84.24,15.35,13.29,10.86,0.55,25.05,September,Monsoon,Ganesh Chaturthi & Navratri,84.24,Satisfactory,Hyderabad,Telangana,17.360589,78.4740613
2024-09-19,32.57,84.63,14.76,14.29,10.91,0.63,25.55,September,Monsoon,Ganesh Chaturthi & Navratri,84.63,Satisfactory,Hyderabad,Telangana,17.360589,78.4740613
2024-09-20,31.28,78.48,15.03,14.78,12.51,0.57,26.49,September,Monsoon,Ganesh Chaturthi & Navratri,78.48,Satisfactory,Hyderabad,Telangana,17.360589,78.4740613
2024-09-21,26.99,64.61,14.49,16.51,11.52,0.59,21.06,September,Monsoon,Ganesh Chaturthi & Navratri,64.61,Satisfactory,Hyderabad,Telangana,17.360589,78.4740613
2024-09-22,26.06,62.4,13.53,17.0,8.74,0.58,24.05,September,Monsoon,Ganesh Chaturthi & Navratri,62.4,Satisfactory,Hyderabad,Telangana,17.360589,78.4740613
2024-09-23,31.07,68.31,14.68,18.95,10.69,0.6,24.86,September,Monsoon,Ganesh Chaturthi & Navratri,68.31,Satisfactory,Hyderabad,Telangana,17.360589,78.4740613
2024-09-24,26.1,61.15,15.18,16.14,10.77,0.6,21.97,September,Monsoon,Ganesh Chaturthi & Navratri,61.15,Satisfactory,Hyderabad,Telangana,17.360589,78.4740613
2024-09-25,23.54,56.81,15.15,13.6,10.52,0.63,21.7,September,Monsoon,Ganesh Chaturthi & Navratri,56.81,Satisfactory,Hyderabad,Telangana,17.360589,78.4740613
2024-09-26,19.72,47.63,13.85,13.03,8.3,0.57,21.69,September,Monsoon,Ganesh Chaturthi & Navratri,47.63,Good,Hyderabad,Telangana,17.360589,78.4740613
2024-09-27,20.54,53.0,14.01,13.62,9.78,0.49,22.17,September,Monsoon,Ganesh Chaturthi & Navratri,53.0,Satisfactory,Hyderabad,Telangana,17.360589,78.4740613
2024-09-28,20.91,55.8,15.64,14.03,12.44,0.51,22.82,September,Monsoon,Ganesh Chaturthi & Navratri,55.8,Satisfactory,Hyderabad,Telangana,17.360589,78.4740613
2024-09-29,26.86,66.17,15.43,13.11,13.44,0.61,23.81,September,Monsoon,Ganesh Chaturthi & Navratri,66.17,Satisfactory,Hyderabad,Telangana,17.360589,78.4740613
2024-09-30,28.44,66.26,15.63,14.06,13.76,0.63,26.38,September,Monsoon,Ganesh Chaturthi & Navratri,66.26,Satisfactory,Hyderabad,Telangana,17.360589,78.4740613
2024-10-01,32.27,78.19,18.19,13.54,12.37,0.68,27.3,October,Post-Monsoon,Diwali Festival Season,78.19,Satisfactory,Hyderabad,Telangana,17.360589,78.4740613
2024-10-02,24.02,62.12,17.01,12.75,13.33,0.56,24.32,October,Post-Monsoon,Diwali Festival Season,62.12,Satisfactory,Hyderabad,Telangana,17.360589,78.4740613
2024-10-03,27.3,68.2,15.95,13.54,14.7,0.64,21.51,October,Post-Monsoon,Diwali Festival Season,68.2,Satisfactory,Hyderabad,Telangana,17.360589,78.4740613
2024-10-04,28.11,70.26,15.96,13.91,13.61,0.59,24.83,October,Post-Monsoon,Diwali Festival Season,70.26,Satisfactory,Hyderabad,Telangana,17.360589,78.4740613
2024-10-05,28.91,69.99,16.43,12.6,11.92,0.72,23.36,October,Post-Monsoon,Diwali Festival Season,69.99,Satisfactory,Hyderabad,Telangana,17.360589,78.4740613
2024-10-06,37.4,87.86,17.03,11.91,10.7,0.73,24.29,October,Post-Monsoon,Diwali Festival Season,87.86,Satisfactory,Hyderabad,Telangana,17.360589,78.4740613
2024-10-07,45.82,91.04,16.3,14.47,10.79,0.7,27.93,October,Post-Monsoon,Diwali Festival Season,91.04,Satisfactory,Hyderabad,Telangana,17.360589,78.4740613
2024-10-08,34.75,85.1,14.18,13.02,10.62,0.58,26.34,October,Post-Monsoon,Diwali Festival Season,85.1,Satisfactory,Hyderabad,Telangana,17.360589,78.4740613
2024-10-09,22.32,72.83,13.58,13.96,11.86,0.58,23.68,October,Post-Monsoon,Diwali Festival Season,72.83,Satisfactory,Hyderabad,Telangana,17.360589,78.4740613
2024-10-10,23.49,63.59,12.77,14.16,10.91,0.59,24.54,October,Post-Monsoon,Diwali Festival Season,63.59,Satisfactory,Hyderabad,Telangana,17.360589,78.4740613
2024-10-11,18.76,54.87,12.67,14.3,12.85,0.53,22.68,October,Post-Monsoon,Diwali Festival Season,54.87,Satisfactory,Hyderabad,Telangana,17.360589,78.4740613
2024-10-12,18.89,56.55,12.72,13.54,8.93,0.52,18.02,October,Post-Monsoon,Diwali Festival Season,56.55,Satisfactory,Hyderabad,Telangana,17.360589,78.4740613
2024-10-13,21.5,60.61,12.07,13.78,11.2,0.57,21.16,October,Post-Monsoon,Diwali Festival Season,60.61,Satisfactory,Hyderabad,Telangana,17.360589,78.4740613
2024-10-14,26.74,67.99,14.41,15.13,12.88,0.63,22.73,October,Post-Monsoon,Diwali Festival Season,67.99,Satisfactory,Hyderabad,Telangana,17.360589,78.4740613
2024-10-15,22.75,66.13,14.26,14.74,9.82,0.51,21.13,October,Post-Monsoon,Diwali Festival Season,66.13,Satisfactory,Hyderabad,Telangana,17.360589,78.4740613
2024-10-16,21.91,63.99,14.5,14.71,8.91,0.7,25.2,October,Post-Monsoon,Diwali Festival Season,63.99,Satisfactory,Hyderabad,Telangana,17.360589,78.4740613
2024-10-17,18.97,57.03,14.39,15.26,8.97,0.64,27.82,October,Post-Monsoon,Diwali Festival Season,57.03,Satisfactory,Hyderabad,Telangana,17.360589,78.4740613
2024-10-18,20.43,63.51,15.47,16.75,10.13,0.72,24.41,October,Post-Monsoon,Diwali Festival Season,63.51,Satisfactory,Hyderabad,Telangana,17.360589,78.4740613
2024-10-19,20.56,69.77,15.7,17.33,10.06,0.65,23.46,October,Post-Monsoon,Diwali Festival Season,69.77,Satisfactory,Hyderabad,Telangana,17.360589,78.4740613
2024-10-20,22.11,69.29,14.87,15.25,10.76,0.59,19.73,October,Post-Monsoon,Diwali Festival Season,69.29,Satisfactory,Hyderabad,Telangana,17.360589,78.4740613
2024-10-21,25.22,72.69,13.93,15.84,12.05,0.72,23.86,October,Post-Monsoon,Diwali Festival Season,72.69,Satisfactory,Hyderabad,Telangana,17.360589,78.4740613
2024-10-22,24.62,68.99,17.41,15.78,11.7,0.63,24.33,October,Post-Monsoon,Diwali Festival Season,68.99,Satisfactory,Hyderabad,Telangana,17.360589,78.4740613
2024-10-23,33.99,81.6,20.43,18.26,15.28,0.7,26.17,October,Post-Monsoon,Diwali Festival Season,81.6,Satisfactory,Hyderabad,Telangana,17.360589,78.4740613
2024-10-24,52.97,106.48,23.93,22.2,14.69,0.86,23.2,October,Post-Monsoon,Diwali Festival Season,104.64107382550336,Moderate,Hyderabad,Telangana,17.360589,78.4740613
2024-10-25,46.51,102.7,21.6,19.05,14.1,0.91,26.4,October,Post-Monsoon,Diwali Festival Season,102.12953020134228,Moderate,Hyderabad,Telangana,17.360589,78.4740613
2024-10-26,42.88,101.83,21.41,19.0,14.48,0.77,23.61,October,Post-Monsoon,Diwali Festival Season,101.55147651006712,Moderate,Hyderabad,Telangana,17.360589,78.4740613
2024-10-27,43.41,96.71,22.9,18.24,16.34,0.9,24.45,October,Post-Monsoon,Diwali Festival Season,96.71,Satisfactory,Hyderabad,Telangana,17.360589,78.4740613
2024-10-28,49.15,112.22,23.71,18.36,11.41,1.01,27.42,October,Post-Monsoon,Diwali Festival Season,108.45489932885906,Moderate,Hyderabad,Telangana,17.360589,78.4740613
2024-10-29,52.02,113.86,21.9,17.43,11.67,0.99,28.12,October,Post-Monsoon,Diwali Festival Season,109.54456375838926,Moderate,Hyderabad,Telangana,17.360589,78.4740613
2024-10-30,49.16,109.24,20.93,18.84,11.73,0.8,32.05,October,Post-Monsoon,Diwali Festival Season,106.47489932885905,Moderate,Hyderabad,Telangana,17.360589,78.4740613
2024-10-31,49.37,124.03,21.49,20.59,15.04,0.8,27.03,October,Post-Monsoon,Diwali Festival Season,116.30181208053692,Moderate,Hyderabad,Telangana,17.360589,78.4740613
2024-11-01,48.94,114.87,21.87,20.46,13.48,0.91,25.69,November,Post-Monsoon,Diwali Festival Season,110.21563758389262,Moderate,Hyderabad,Telangana,17.360589,78.4740613
2024-11-02,47.85,122.5,20.73,20.45,10.28,0.84,23.58,November,Post-Monsoon,Diwali Festival Season,115.28523489932886,Moderate,Hyderabad,Telangana,17.360589,78.4740613
2024-11-03,42.46,104.94,19.91,18.93,12.41,0.83,27.88,November,Post-Monsoon,Diwali Festival Season,103.61785234899328,Moderate,Hyderabad,Telangana,17.360589,78.4740613
2024-11-04,41.76,105.14,20.35,18.48,11.73,0.8,25.7,November,Post-Monsoon,Diwali Festival Season,103.75073825503355,Moderate,Hyderabad,Telangana,17.360589,78.4740613
2024-11-05,45.79,106.74,22.36,17.5,12.56,0.83,26.92,November,Post-Monsoon,Diwali Festival Season,104.8138255033557,Moderate,Hyderabad,Telangana,17.360589,78.4740613
2024-11-06,46.68,107.17,22.5,17.55,12.44,0.9,31.44,November,Post-Monsoon,Diwali Festival Season,105.09953020134228,Moderate,Hyderabad,Telangana,17.360589,78.4740613
2024-11-07,44.65,103.03,22.0,18.11,14.52,0.77,28.92,November,Post-Monsoon,Diwali Festival Season,102.34879194630872,Moderate,Hyderabad,Telangana,17.360589,78.4740613
2024-11-08,47.68,107.47,22.22,18.15,14.59,0.8,27.12,November,Post-Monsoon,Diwali Festival Season,105.29885906040269,Moderate,Hyderabad,Telangana,17.360589,78.4740613
2024-11-09,44.23,105.32,17.87,17.49,14.54,0.8,22.5,November,Post-Monsoon,Diwali Festival Season,103.87033557046979,Moderate,Hyderabad,Telangana,17.360589,78.4740613
2024-11-10,46.18,101.61,17.72,17.92,18.42,0.85,22.67,November,Post-Monsoon,Diwali Festival Season,101.40530201342281,Moderate,Hyderabad,Telangana,17.360589,78.4740613
2024-11-11,53.67,111.77,18.6,18.06,13.73,0.71,28.69,November,Post-Monsoon,Diwali Festival Season,108.15590604026845,Moderate,Hyderabad,Telangana,17.360589,78.4740613
2024-11-12,48.71,112.59,22.8,18.21,13.42,0.76,28.03,November,Post-Monsoon,Diwali Festival Season,108.70073825503356,Moderate,Hyderabad,Telangana,17.360589,78.4740613
2024-11-13,45.89,102.72,22.57,18.93,15.08,0.76,26.75,November,Post-Monsoon,Diwali Festival Season,102.14281879194631,Moderate,Hyderabad,Telangana,17.360589,78.4740613
2024-11-14,39.63,95.47,20.59,17.7,12.86,0.79,23.54,November,Post-Monsoon,Diwali Festival Season,95.47,Satisfactory,Hyderabad,Telangana,17.360589,78.4740613
2024-11-15,44.55,104.73,21.65,17.07,14.84,0.73,24.64,November,Post-Monsoon,Diwali Festival Season,103.47832214765101,Moderate,Hyderabad,Telangana,17.360589,78.4740613
2024-11-16,50.77,111.93,28.11,21.07,20.23,0.81,29.23,November,Post-Monsoon,Diwali Festival Season,108.26221476510068,Moderate,Hyderabad,Telangana,17.360589,78.4740613
2024-11-17,51.16,112.96,26.84,20.0,21.16,0.88,31.41,November,Post-Monsoon,Diwali Festival Season,108.94657718120806,Moderate,Hyderabad,Telangana,17.360589,78.4740613
2024-11-18,50.14,113.4,26.37,20.04,14.9,0.78,36.59,November,Post-Monsoon,Diwali Festival Season,109.23892617449665,Moderate,Hyderabad,Telangana,17.360589,78.4740613
2024-11-19,52.1,112.23,24.62,19.79,14.18,0.83,33.39,November,Post-Monsoon,Diwali Festival Season,108.46154362416108,Moderate,Hyderabad,Telangana,17.360589,78.4740613
2024-11-20,52.28,114.86,25.73,20.02,11.79,0.86,31.62,November,Post-Monsoon,Diwali Festival Season,110.2089932885906,Moderate,Hyderabad,Telangana,17.360589,78.4740613
2024-11-21,50.3,110.27,24.36,17.88,12.08,0.94,31.77,November,Post-Monsoon,Diwali Festival Season,107.15926174496644,Moderate,Hyderabad,Telangana,17.360589,78.4740613
2024-11-22,52.34,112.16,27.14,20.67,15.11,0.92,32.96,November,Post-Monsoon,Diwali Festival Season,108.41503355704698,Moderate,Hyderabad,Telangana,17.360589,78.4740613
2024-11-23,53.62,115.7,25.46,18.91,14.2,0.9,30.29,November,Post-Monsoon,Diwali Festival Season,110.76711409395973,Moderate,Hyderabad,Telangana,17.360589,78.4740613
2024-11-24,52.89,113.43,25.2,17.84,15.39,0.93,28.34,November,Post-Monsoon,Diwali Festival Season,109.25885906040268,Moderate,Hyderabad,Telangana,17.360589,78.4740613
2024-11-25,55.63,109.79,24.73,17.43,15.04,0.85,26.38,November,Post-Monsoon,Diwali Festival Season,106.8403355704698,Moderate,Hyderabad,Telangana,17.360589,78.4740613
2024-11-26,45.87,109.8,28.33,20.16,16.69,0.89,23.3,November,Post-Monsoon,Diwali Festival Season,106.84697986577181,Moderate,Hyderabad,Telangana,17.360589,78.4740613
2024-11-27,43.17,105.29,30.05,20.51,17.34,0.85,26.09,November,Post-Monsoon,Diwali Festival Season,103.85040268456376,Moderate,Hyderabad,Telangana,17.360589,78.4740613
2024-11-28,44.2,108.79,31.73,21.43,20.66,0.94,31.92,November,Post-Monsoon,Diwali Festival Season,106.17590604026846,Moderate,Hyderabad,Telangana,17.360589,78.4740613
2024-11-29,53.63,101.87,26.67,18.48,17.64,0.85,28.64,November,Post-Monsoon,Diwali Festival Season,101.57805369127517,Moderate,Hyderabad,Telangana,17.360589,78.4740613
2024-11-30,44.35,99.22,26.2,16.66,14.27,0.84,26.32,November,Post-Monsoon,Diwali Festival Season,99.22,Satisfactory,Hyderabad,Telangana,17.360589,78.4740613
2024-12-01,40.66,88.26,22.43,15.15,13.62,0.88,19.75,December,Winter,Christmas & New Year,88.26,Satisfactory,Hyderabad,Telangana,17.360589,78.4740613
2024-12-02,27.48,62.25,17.48,13.33,9.63,0.7,23.22,December,Winter,Christmas & New Year,62.25,Satisfactory,Hyderabad,Telangana,17.360589,78.4740613
2024-12-03,26.4,64.28,17.99,13.04,7.94,0.89,21.23,December,Winter,Christmas & New Year,64.28,Satisfactory,Hyderabad,Telangana,17.360589,78.4740613
2024-12-04,29.92,76.13,18.8,13.45,9.66,0.8,25.32,December,Winter,Christmas & New Year,76.13,Satisfactory,Hyderabad,Telangana,17.360589,78.4740613
2024-12-05,37.22,85.91,20.75,14.16,9.94,0.84,25.21,December,Winter,Christmas & New Year,85.91,Satisfactory,Hyderabad,Telangana,17.360589,78.4740613
2024-12-06,32.3,79.83,19.83,13.26,8.73,0.74,21.67,December,Winter,Christmas & New Year,79.83,Satisfactory,Hyderabad,Telangana,17.360589,78.4740613
2024-12-07,32.27,79.51,20.61,13.52,9.64,0.76,19.29,December,Winter,Christmas & New Year,79.51,Satisfactory,Hyderabad,Telangana,17.360589,78.4740613
2024-12-08,24.0,60.57,17.95,13.0,6.4,0.68,19.7,December,Winter,Christmas & New Year,60.57,Satisfactory,Hyderabad,Telangana,17.360589,78.4740613
2024-12-09,34.36,75.45,18.85,14.52,8.36,0.76,19.84,December,Winter,Christmas & New Year,75.45,Satisfactory,Hyderabad,Telangana,17.360589,78.4740613
2024-12-10,43.46,95.67,22.39,15.2,10.47,0.72,24.62,December,Winter,Christmas & New Year,95.67,Satisfactory,Hyderabad,Telangana,17.360589,78.4740613
2024-12-11,40.28,96.88,28.37,18.64,13.52,0.79,28.32,December,Winter,Christmas & New Year,96.88,Satisfactory,Hyderabad,Telangana,17.360589,78.4740613
2024-12-12,41.87,99.72,29.1,18.92,17.07,0.84,29.44,December,Winter,Christmas & New Year,99.72,Satisfactory,Hyderabad,Telangana,17.360589,78.4740613
2024-12-13,48.37,111.72,29.39,18.79,17.36,0.83,36.41,December,Winter,Christmas & New Year,108.12268456375838,Moderate,Hyderabad,Telangana,17.360589,78.4740613
2024-12-14,50.81,117.35,30.55,19.82,17.53,0.82,34.47,December,Winter,Christmas & New Year,111.86342281879195,Moderate,Hyderabad,Telangana,17.360589,78.4740613
2024-12-15,53.73,113.67,30.31,18.41,18.57,0.92,40.29,December,Winter,Christmas & New Year,109.41832214765101,Moderate,Hyderabad,Telangana,17.360589,78.4740613
2024-12-16,49.17,113.17,28.84,18.67,16.93,0.88,30.12,December,Winter,Christmas & New Year,109.08610738255034,Moderate,Hyderabad,Telangana,17.360589,78.4740613
2024-12-17,49.21,112.94,29.45,18.55,13.23,1.18,22.86,December,Winter,Christmas & New Year,108.93328859060402,Moderate,Hyderabad,Telangana,17.360589,78.4740613
2024-12-18,53.63,117.48,31.96,19.58,18.78,1.16,23.95,December,Winter,Christmas & New Year,111.94979865771812,Moderate,Hyderabad,Telangana,17.360589,78.4740613
2024-12-19,44.13,104.0,27.9,18.54,14.74,0.9,25.28,December,Winter,Christmas & New Year,102.99328859060402,Moderate,Hyderabad,Telangana,17.360589,78.4740613
2024-12-20,37.37,88.72,21.35,13.47,9.41,0.84,25.13,December,Winter,Christmas & New Year,88.72,Satisfactory,Hyderabad,Telangana,17.360589,78.4740613
2024-12-21,41.73,99.65,21.93,14.68,9.92,0.96,21.26,December,Winter,Christmas & New Year,99.65,Satisfactory,Hyderabad,Telangana,17.360589,78.4740613
2024-12-22,36.77,88.97,21.28,15.12,8.19,0.77,23.93,December,Winter,Christmas & New Year,88.97,Satisfactory,Hyderabad,Telangana,17.360589,78.4740613
2024-12-23,39.64,96.88,20.86,14.29,9.71,0.76,25.01,December,Winter,Christmas & New Year,96.88,Satisfactory,Hyderabad,Telangana,17.360589,78.4740613
2024-12-24,36.01,90.18,21.02,14.42,8.62,0.72,25.16,December,Winter,Christmas & New Year,90.18,Satisfactory,Hyderabad,Telangana,17.360589,78.4740613
2024-12-25,21.4,65.5,19.32,12.54,8.41,0.68,25.7,December,Winter,Christmas & New Year,65.5,Satisfactory,Hyderabad,Telangana,17.360589,78.4740613
2024-12-26,25.3,60.24,18.14,13.94,8.47,0.68,20.65,December,Winter,Christmas & New Year,60.24,Satisfactory,Hyderabad,Telangana,17.360589,78.4740613
2024-12-27,29.87,72.43,16.65,13.28,8.24,0.74,21.59,December,Winter,Christmas & New Year,72.43,Satisfactory,Hyderabad,Telangana,17.360589,78.4740613
2024-12-28,37.19,88.2,18.37,14.17,7.88,0.94,23.98,December,Winter,Christmas & New Year,88.2,Satisfactory,Hyderabad,Telangana,17.360589,78.4740613
2024-12-29,39.79,85.68,21.32,14.38,8.59,0.75,23.39,December,Winter,Christmas & New Year,85.68,Satisfactory,Hyderabad,Telangana,17.360589,78.4740613
2024-12-30,39.6,97.67,21.72,14.06,9.23,0.8,23.06,December,Winter,Christmas & New Year,97.67,Satisfactory,Hyderabad,Telangana,17.360589,78.4740613
2024-12-31,44.5,101.63,20.09,14.09,9.39,0.81,25.05,December,Winter,Christmas & New Year,101.41859060402685,Moderate,Hyderabad,Telangana,17.360589,78.4740613
